Date,Asset,Open,High,Low,Close,Volume
2023-01-01,AAPL,249.81604753894499,253.02620576971643,240.18622264683663,240.44463125267967,3511720
2023-01-02,AAPL,480.2857225639665,483.4346306142173,477.62894940612574,483.01393078924207,4331869
2023-01-03,AAPL,392.797576724562,393.6057202950351,386.38152073803803,389.08469634608855,1898320
2023-01-04,AAPL,339.46339367881467,344.12757844474413,336.27624417132364,339.63480750210874,1634736
2023-01-05,AAPL,162.40745617697462,173.59093095379444,158.7769995083613,170.55878565549648,2587261
2023-01-06,AAPL,162.39780813448107,162.4437933925642,152.5043923201459,157.38365271745857,3007635
2023-01-07,AAPL,123.23344486727979,123.74080258160994,118.8596015864864,121.44110332799238,2226607
2023-01-08,AAPL,446.47045830997405,454.8989899263753,444.8556759452678,451.58148108083503,4065173
2023-01-09,AAPL,340.4460046972835,340.4713126165146,331.04603703327246,335.02196800711596,4264908
2023-01-10,AAPL,383.2290311184182,384.0330713755057,373.4144680586837,374.7686293149941,1066234
2023-01-11,AAPL,108.23379771832097,110.9774666651539,101.83396967306815,104.02882677659633,2612818
2023-01-12,AAPL,487.96394086479773,491.4234168532612,480.7960847031665,481.18836660987785,3275504
2023-01-13,AAPL,432.9770563201687,444.8308156645332,432.8503026030914,441.57100936702017,4225187
2023-01-14,AAPL,184.93564427131048,192.21939840990163,180.12240219792085,191.09805186259882,1409995
2023-01-15,AAPL,172.72998688284025,178.95895811978642,168.55008628027923,175.39806201304873,3292156
2023-01-16,AAPL,173.36180394137352,181.97726118261187,169.88193291090502,180.79101574512788,1466152
2023-01-17,AAPL,221.69689718381508,229.3973372125937,219.65213246174375,227.77033872179737,2990546
2023-01-18,AAPL,309.9025726528952,313.6350296784853,302.7675022302617,303.6339738306159,3003019
2023-01-19,AAPL,272.7780074568463,283.87735192188194,271.99582224349086,280.62918742664584,2773832
2023-01-20,AAPL,216.49165607921677,221.52461797000066,215.2404415883938,217.27850091752978,4204891
2023-01-21,AAPL,344.74115788895176,354.17802545373473,341.99502456542115,350.889960992233,4621581
2023-01-22,AAPL,155.79754426081672,166.56091327596394,152.2245646473164,163.7193702592866,1051934
2023-01-23,AAPL,216.85785941408727,217.32623325322774,209.9169420299359,213.21792891352456,2768831
2023-01-24,AAPL,246.5447373174767,248.38331633277386,237.34610632330052,238.74577580803023,1425523
2023-01-25,AAPL,282.4279936868144,283.754005525223,272.21237053433725,276.9866969376532,1840530
2023-01-26,AAPL,414.07038455720544,415.2903327741009,408.92305574625175,412.61254032973056,4599865
2023-01-27,AAPL,179.8695128633439,191.094860955556,177.09774260078692,186.22980818179377,1005486
2023-01-28,AAPL,305.69377536544465,314.8738756539053,302.63517163427287,312.90838703057153,2187983
2023-01-29,AAPL,336.965827544817,341.42606032070256,325.00686984330184,327.1048701554408,1873332
2023-01-30,AAPL,118.58016508799909,121.95080426953673,117.3415101404933,118.79511113955041,4796036
2023-01-31,AAPL,343.01794076057536,346.9919972782836,339.5862974302946,341.36616082355096,2039458
2023-02-01,AAPL,168.2096494749166,170.72283494044257,158.86257513200937,162.6518056843312,4772811
2023-02-02,AAPL,126.0206371941118,128.9051566172436,118.34597709763668,118.41794454078546,3317336
2023-02-03,AAPL,479.5542149013333,482.0168033704276,475.7261551268713,476.30651832940583,3763642
2023-02-04,AAPL,486.25281322982374,496.08722224706435,486.02280001971496,495.11100730807414,4495380
2023-02-05,AAPL,423.35893924658444,426.97119982289195,419.61935387540467,419.82299788699953,2809891
2023-02-06,AAPL,221.84550766934828,223.62518191641988,217.56820474929324,222.2213201042156,4788340
2023-02-07,AAPL,139.06884560255355,143.25080461261436,135.55055630565343,143.1292247804571,3419862
2023-02-08,AAPL,373.69321060486277,376.9205720843986,368.594933507012,370.96580265244864,1197775
2023-02-09,AAPL,276.0609974958405,286.382192547295,275.5718266925855,285.49663915025974,3386488
2023-02-10,AAPL,148.81529393791152,162.76653275851834,146.35721456232736,158.06423983675376,1787494
2023-02-11,AAPL,298.0707640445081,302.84040692952107,290.7390511071126,293.1064099610154,2656940
2023-02-12,AAPL,113.75540844608736,118.3297303971896,112.83436921438499,113.70037856393506,2138356
2023-02-13,AAPL,463.7281608315128,465.57895433279003,457.5764687816583,459.7457270278482,2201193
2023-02-14,AAPL,203.51199264000678,203.5892757226511,197.21627885556927,199.20880252755614,3643129
2023-02-15,AAPL,365.0089137415928,369.65050655453143,352.66740219842234,355.7466526886834,4943334
2023-02-16,AAPL,224.6844304357644,229.0166378569489,221.50896218142617,226.87571711536233,4496333
2023-02-17,AAPL,308.0272084711243,312.9140630309199,307.8006884222641,308.08078893570155,4009758
2023-02-18,AAPL,318.68411173731187,323.5022116227581,307.8406236891793,309.7136867623117,1889465
2023-02-19,AAPL,173.94178221021082,178.20682948754762,166.38541191637185,169.51471149494304,1533636
2023-02-20,AAPL,487.83385110582344,497.47141328550447,485.31816981292303,495.9991688251565,4038370
2023-02-21,AAPL,410.05312934444584,411.97861798745544,400.56191795184367,404.84436715778526,1038102
2023-02-22,AAPL,475.7995766256756,480.05525998325993,465.4040059094054,468.6974740675001,1074460
2023-02-23,AAPL,457.93094017105955,459.51555019684093,456.9053232412037,457.7199953766108,2413354
2023-02-24,AAPL,339.1599915244341,349.72046434007655,338.8071477874319,348.8730006066461,4235658
2023-02-25,AAPL,468.74969400924675,471.5337003215385,460.3787030484452,463.59079943947677,4676817
2023-02-26,AAPL,135.3970008207678,143.52048563968927,135.2644442680597,138.83971176888537,4773166
2023-02-27,AAPL,178.3931449676581,187.10568625760732,175.46426706129077,183.62553727423244,2776203
2023-02-28,AAPL,118.09091556421522,120.94122141466205,108.14251523693844,112.84366644406322,3276360
2023-03-01,AAPL,230.13213230530573,235.18234174639676,227.25476141592634,234.6964592775429,4300425
2023-03-02,AAPL,255.4709158757928,258.54595200928867,250.88572889914525,252.82657853017787,1213945
2023-03-03,AAPL,208.53961270955836,216.13599857195123,205.3231716173466,211.18572932142993,1231915
2023-03-04,AAPL,431.4950036607717,434.86601795217223,429.2037392083141,434.1655978759896,3825104
2023-03-05,AAPL,242.70133067743572,246.00847262074956,239.97324673085603,243.41682435893088,3305276
2023-03-06,AAPL,212.3738038749523,216.7606692345921,199.47227523215784,204.17959927604048,3534629
2023-03-07,AAPL,317.0784332632994,327.4883262638552,315.14792007429554,323.7844831750842,1525830
2023-03-08,AAPL,156.36968998990505,159.8547686948814,147.9793384702202,152.78529128933977,2332397
2023-03-09,AAPL,420.8787923016159,424.3912127215514,410.08240929983265,414.609162509613,4323532
2023-03-10,AAPL,129.82025747190832,131.6177132280071,119.6568046290571,120.6357603030036,4851431
2023-03-11,AAPL,494.7547746402069,498.04059272529423,494.4079681358311,496.57263350397176,3136233
2023-03-12,AAPL,408.89790771866296,416.4960007329012,408.3940177117758,412.44919495550863,1718216
2023-03-13,AAPL,179.48627261366897,183.5368395870649,169.72692006396835,169.8180291922261,3452401
2023-03-14,AAPL,102.20884684944096,106.7860696083271,101.73663204566132,102.45070801542659,2268506
2023-03-15,AAPL,426.18457138193367,430.75077414471605,417.29945301881065,420.7144868858924,1805497
2023-03-16,AAPL,382.74293753904686,388.20310534154055,382.38699429674574,385.64639334723586,1517313
2023-03-17,AAPL,391.60286721639494,394.11044868983095,383.4953176450259,385.09019579649475,2263108
2023-03-18,AAPL,408.5081386743783,416.31836933126147,404.28376211953105,412.3268934364276,3709532
2023-03-19,AAPL,129.61786069363615,132.86768034752498,127.23620794096776,127.35256761964689,4665060
2023-03-20,AAPL,243.38629141770903,255.6307255787322,239.31394900476434,252.1208911924437,4462565
2023-03-21,AAPL,146.34762381005189,150.32658715723238,137.68876881910475,139.09804269297175,2337682
2023-03-22,AAPL,445.2413703502374,449.6913970593252,441.47187323313426,442.06269737124256,2076871
2023-03-23,AAPL,349.3192507310232,351.0092265152809,338.10503532901424,341.588721155835,2062383
2023-03-24,AAPL,232.35920994105967,242.73099706983066,229.21449570716027,240.85308230663094,4581292
2023-03-25,AAPL,125.42334011440946,133.44003688123342,121.03598004677418,132.97012718202907,3254656
2023-03-26,AAPL,224.3929286862649,227.28432939124576,215.87640602154858,219.551761240568,3049365
2023-03-27,AAPL,230.07332881069883,233.45272110036612,226.0559241587746,233.27300973138242,2286643
2023-03-28,AAPL,391.84247133522564,400.51490542991223,390.4322984723691,398.18691533924994,2533584
2023-03-29,AAPL,355.0229885420853,358.8402279476124,354.13579082318665,356.1270047740745,3006342
2023-03-30,AAPL,454.88509703053063,456.91081485829216,451.13202327232636,455.47810859765076,3789592
2023-03-31,AAPL,288.8859700647797,291.8401363676248,279.6888421864524,283.72301588278873,1394540
2023-04-01,AAPL,147.83769837532068,147.99019962501592,134.74722802143532,139.69975373143868,2926275
2023-04-02,AAPL,385.297914889198,393.42897099201065,383.23482650464086,393.24223004826456,3615075
2023-04-03,AAPL,404.31401944675895,416.43538339332383,402.453929017795,412.32238059002555,2215557
2023-04-04,AAPL,324.5108790277985,328.97386138032016,320.62881422408856,327.17290817326386,1744699
2023-04-05,AAPL,408.3868719818244,409.02217454508383,403.46345010153334,405.16746780279846,3117022
2023-04-06,AAPL,297.5182385457563,300.1294548460303,289.84864340999167,294.5024300380095,1952082
2023-04-07,AAPL,309.0931317527976,317.4622130956954,304.80106799358254,313.61224533020237,4348924
2023-04-08,AAPL,271.0164073434198,280.03771767995556,268.8714372065447,278.95861254247137,1248683
2023-04-09,AAPL,110.16765069763808,121.02383156203543,106.4132953586806,117.90937918294043,4380405
2023-04-10,AAPL,143.15657079732176,149.18081903944307,139.38385642689835,148.75408171447424,1026790
2023-01-01,GOOGL,269.6888036987905,273.6611460643846,266.5502634334334,270.7269404742802,4956602
2023-01-02,GOOGL,462.5417540378944,467.4877108395238,460.86722596460896,463.76051346860214,3548434
2023-01-03,GOOGL,144.47899292246052,154.17036270677582,143.7826325591436,152.01206497562742,4239229
2023-01-04,GOOGL,297.0500417163437,297.6879432303215,291.14957309424017,295.1196990405916,1264223
2023-01-05,GOOGL,104.54145790696762,105.96033743596125,94.12139869633788,97.22176247598044,2968797
2023-01-06,GOOGL,287.4642567976505,289.27966827964366,275.3726048640356,278.03991032391724,2108252
2023-01-07,GOOGL,122.52131027273494,130.85364159286533,118.05184735748014,127.62405538620732,2790380
2023-01-08,GOOGL,147.52716650722877,152.78724905764264,143.5841804511061,149.93335753429807,4319260
2023-01-09,GOOGL,147.01049871084194,152.87257770231565,146.25212431217818,151.09209407282643,2663261
2023-01-10,GOOGL,359.6841208464254,364.6166970903903,352.38479373762584,353.9434040766036,3694287
2023-01-11,GOOGL,398.41795170616933,401.44682580295375,389.9029355188324,391.14538121790474,2666471
2023-01-12,GOOGL,333.34750603886386,334.53363999754384,319.9186678893581,323.6383993522215,3317330
2023-01-13,GOOGL,484.86901938981674,485.37793175291876,481.7131083922698,481.8807705659487,2198097
2023-01-14,GOOGL,249.94823180948163,252.51088124249594,247.09878338512505,251.7465855465743,1426752
2023-01-15,GOOGL,214.28483451274428,215.51462315466682,208.3174219860355,212.12971541473894,1588365
2023-01-16,GOOGL,447.4396512757841,448.2430581420819,441.80532153244997,446.1891497162587,1824690
2023-01-17,GOOGL,189.43833540778104,198.45434441791252,187.7279266642015,197.521509297656,1703662
2023-01-18,GOOGL,485.2890157762445,486.7144916197138,478.1478385933505,482.25412511671055,2305585
2023-01-19,GOOGL,104.86178987592653,106.00844763559653,104.3086311911505,105.14157965912275,2186293
2023-01-20,GOOGL,487.95153068305564,498.10841806101064,483.719269224383,493.6245909378785,2430491
2023-01-21,GOOGL,117.26396478023045,117.66513350853866,114.55737711499594,115.19482042665585,3659440
2023-01-22,GOOGL,456.45724547922845,461.5215364316372,454.4708090264266,458.8989794837859,2599601
2023-01-23,GOOGL,311.08044363451995,320.37970194440317,307.0939668056222,318.32771780945484,4943645
2023-01-24,GOOGL,497.18591844772016,511.088224005416,496.4363313109763,506.176330920873,1300709
2023-01-25,GOOGL,129.51862589415956,130.07882040499982,121.31383853657711,122.46009551274031,4040178
2023-01-26,GOOGL,321.5417137605283,332.06274425898687,317.93045091856294,330.0734662637582,2900163
2023-01-27,GOOGL,487.7210142476396,492.5683664140164,483.9631574265,487.56334010923035,2234816
2023-01-28,GOOGL,309.2391376680595,313.5666732975294,301.19828726961225,304.4040254340387,2625351
2023-01-29,GOOGL,351.759455254105,355.8448156088514,347.4724281565347,350.94217037887023,2964956
2023-01-30,GOOGL,378.29947559384686,389.1896412347811,375.5858533771089,387.9001270995564,2323062
2023-01-31,GOOGL,281.8164259071093,282.6708638440596,280.4097924924319,281.6687877869667,4448678
2023-02-01,GOOGL,351.0232320336254,354.36644813324756,345.86978427185596,347.59826423937557,2359490
2023-02-02,GOOGL,333.72572476924006,341.0406218012125,332.81773618523295,336.3937418555746,2127199
2023-02-03,GOOGL,460.46320419639557,463.24701866146523,450.72386376529124,455.2661165719594,4511049
2023-02-04,GOOGL,118.17855213658315,121.03661558393264,106.77885972492582,109.69581869875643,2017289
2023-02-05,GOOGL,212.38527583689213,213.78517130519356,202.95861319128693,204.96287027510513,2910637
2023-02-06,GOOGL,480.1645936306235,484.0120582965832,470.4154813915582,472.7255104097789,1907425
2023-02-07,GOOGL,456.10551355636653,457.0407322991542,444.40715072855335,449.14356742661244,3280827
2023-02-08,GOOGL,282.26270111428516,283.8810972963064,274.27248755169296,275.0392445672734,2785910
2023-02-09,GOOGL,348.0530391206147,352.9977162097611,345.1218899605307,350.870534016679,4775963
2023-02-10,GOOGL,210.95247319245306,213.49052508587533,202.06063148601362,204.59007488043596,4958559
2023-02-11,GOOGL,175.24846388950454,176.46051255157994,169.10453837880854,172.1618095559818,1652465
2023-02-12,GOOGL,285.4793619759929,293.98931429780913,285.3888110568887,293.41513017411313,4362182
2023-02-13,GOOGL,241.34089121042112,244.39399142262928,236.45950447095782,240.82012401567857,4095900
2023-02-14,GOOGL,333.4624447403488,338.2567522769706,328.80185332793076,336.81359951076934,4255303
2023-02-15,GOOGL,131.09385478599393,134.000045893107,121.71458629208048,124.54025221002652,4130176
2023-02-16,GOOGL,489.7579230664666,490.52973664283763,480.12044932325557,483.60370344264004,2256182
2023-02-17,GOOGL,494.48429779184113,496.8899983011152,480.68917321128424,485.3016701171707,3602967
2023-02-18,GOOGL,379.26468560789806,381.927632770656,369.10719369777433,372.6433868693413,4438550
2023-02-19,GOOGL,314.43854653764816,314.6976642217603,309.24765810371605,310.01035331828734,1076218
2023-02-20,GOOGL,223.81104651453109,225.49406790550069,214.46981439923195,217.35125620006602,3684670
2023-02-21,GOOGL,425.51800788277944,426.19008126747434,414.2584833260063,417.29205855792054,1770044
2023-02-22,GOOGL,373.89246902155173,374.2093438739156,364.1845330870518,366.30518644356374,2384775
2023-02-23,GOOGL,165.04677573795652,169.99657689990624,160.58012992048742,164.26235109861105,3546741
2023-02-24,GOOGL,464.370873797537,465.9826430224106,453.82571309180776,458.49754816565286,2735416
2023-02-25,GOOGL,429.0148971692676,433.0642693985408,421.67245182569525,426.3002943902291,1478446
2023-02-26,GOOGL,479.9199653167696,481.26151400768555,477.66576845974896,479.98831073386674,1462052
2023-02-27,GOOGL,390.287803355344,397.503213539051,389.72161312614026,394.0956999279313,4480130
2023-02-28,GOOGL,345.366078374316,349.1672176737644,331.22811517632624,336.15232117113794,4185714
2023-03-01,GOOGL,267.29721451624755,276.2636161974676,263.1027240840179,273.2854224944284,2728096
2023-03-02,GOOGL,473.0913933416053,478.0072820741742,472.46807993558895,475.6494011314234,1347739
2023-03-03,GOOGL,446.42555580016335,448.4847603708997,433.45652702605395,438.0607364391408,4771374
2023-03-04,GOOGL,118.08746804247576,127.30338185732629,113.73798623216513,125.5590405246113,1472327
2023-03-05,GOOGL,110.5467897989008,123.6118835307762,107.95259951327044,118.96423780953707,4472801
2023-03-06,GOOGL,250.58534675121984,254.7384437901585,238.85052876959247,241.8069059483171,3694946
2023-03-07,GOOGL,424.2213323127332,429.04646686606577,417.7638717563266,419.75888527567724,1034911
2023-03-08,GOOGL,494.9104517259778,501.6559634392667,494.63664353186766,501.034477321839,2922135
2023-03-09,GOOGL,160.16675644141128,168.78628762510266,158.49077023318176,165.13195024908444,3522189
2023-03-10,GOOGL,337.652286140854,342.3439884249592,327.32843928499153,331.3427065279816,3827551
2023-03-11,GOOGL,252.3563426524086,253.2625079832369,246.5201690041198,246.5433291191428,1978039
2023-03-12,GOOGL,487.96575912584126,488.29824046267515,483.7077053232132,485.3752011816689,1899885
2023-03-13,GOOGL,436.8475692542835,440.5531725007338,434.54718549014916,436.5380289581039,1608746
2023-03-14,GOOGL,435.3314818844551,440.5689428809606,432.6445038697655,437.69657731506106,4157903
2023-03-15,GOOGL,287.4772639179881,291.68640780177947,280.25625862731977,284.85553670938356,4002819
2023-03-16,GOOGL,265.9278009350661,266.62666281819753,263.4467652858993,265.1784952577291,1316915
2023-03-17,GOOGL,209.3628287722825,218.2885840942571,207.62806276280136,214.31224753495763,1499876
2023-03-18,GOOGL,122.55019866037085,123.55833526060958,109.59635647763406,113.2838627181828,2962165
2023-03-19,GOOGL,445.88895050202126,446.7072302163498,438.67659968445264,440.9376893889017,4791316
2023-03-20,GOOGL,425.16040365203105,430.24872435937704,424.03737953733116,429.4273953697221,1611213
2023-03-21,GOOGL,499.8870693144522,511.86407966935315,497.6248717337888,507.79120606819623,1768734
2023-03-22,GOOGL,498.65473482956213,502.21426977535646,497.9504497276631,498.88828367187546,4212086
2023-03-23,GOOGL,322.172682241051,325.4302790702029,321.2907473085199,322.8149519463573,4556271
2023-03-24,GOOGL,407.5949660722042,409.38911849282175,397.2465674353023,399.73840629899973,1047057
2023-03-25,GOOGL,477.90629195297123,482.2922946570368,474.7599120419176,476.8545392894403,2316870
2023-03-26,GOOGL,439.8589562709646,442.4735271371782,435.2847267656241,440.51130160006505,2839433
2023-03-27,GOOGL,198.93924069727905,203.02223789463693,191.97668127439047,193.78865076997363,3351878
2023-03-28,GOOGL,280.2176541240374,282.41332866688845,272.69957699163473,275.602518743025,3375328
2023-03-29,GOOGL,151.663766060598,153.54848820772253,146.04812788309277,149.20944932269043,4672214
2023-03-30,GOOGL,481.62041090348896,483.933809831837,471.95636257610187,472.0218348590435,3026580
2023-03-31,GOOGL,342.469853780352,343.97674315117274,335.59375023193206,338.9114370920156,1708754
2023-04-01,GOOGL,191.4571222013851,195.19516910226633,184.79590250696722,185.686082341316,4034735
2023-04-02,GOOGL,368.68027376234267,371.19387571280504,360.4248692185537,365.23022080590096,4313020
2023-04-03,GOOGL,347.25129618315833,348.4123596588924,338.9032251807778,339.64653881954337,3007954
2023-04-04,GOOGL,243.2650872131362,255.57350569430693,241.19196659450108,251.0756328279341,1144931
2023-04-05,GOOGL,145.42303687985162,149.21434205779866,144.9962885394584,147.2948859509326,2492252
2023-04-06,GOOGL,368.6292782371198,374.92908892557955,363.64490697789006,372.21132462000963,3259643
2023-04-07,GOOGL,308.1230803615173,318.43886568848677,305.6121053098611,313.90650513366404,4526737
2023-04-08,GOOGL,408.9273566942557,412.0485466738257,405.91927558623667,408.89620067283687,1401921
2023-04-09,GOOGL,308.0654004447973,308.6498906483391,299.4684238196037,299.8038062065458,3008960
2023-04-10,GOOGL,440.87260012741604,446.31389158185436,437.12279777542017,441.614730963787,1260910
2023-01-01,AMZN,349.90450841730046,355.2253796346638,349.8993610180723,352.6491400130902,2308507
2023-01-02,AMZN,234.34634285993403,246.4138105678769,233.55165144355024,243.95787886353378,1943187
2023-01-03,AMZN,430.0429325690639,443.091887700818,427.70023548522096,438.1102088217844,3503997
2023-01-04,AMZN,245.2236848780362,252.64416400061052,240.50216670324707,248.1569832603795,4993710
2023-01-05,AMZN,113.69124432821165,119.87165229842824,113.18027622974306,117.55474855735015,2597690
2023-01-06,AMZN,432.2618026260999,435.3764895407755,419.02266988696624,423.2937187592741,1100734
2023-01-07,AMZN,238.07685795251024,245.21456526397216,235.44173747145092,241.47520724351102,1157702
2023-01-08,AMZN,409.5338092805361,409.7081350817052,396.2875142057386,400.4171180347381,3851274
2023-01-09,AMZN,245.10315786637818,251.34304021191602,243.61128571142822,246.8684330057768,2225811
2023-01-10,AMZN,444.42720798988864,458.71491206329495,440.2274721665263,454.4142779812053,2147087
2023-01-11,AMZN,187.80421003238348,191.2075021499956,183.94009613229946,188.92034166112708,4081091
2023-01-12,AMZN,489.81890607954796,491.7747549099499,488.1328400260175,489.28310844117465,4419525
2023-01-13,AMZN,411.90350991521234,413.2683067894939,407.5039314132772,408.16060704532407,4829049
2023-01-14,AMZN,145.69517036815873,148.07855450981057,133.76535033122656,138.10562194388802,3703381
2023-01-15,AMZN,326.3106479866242,331.15300473345604,321.49446471942355,330.93112141578985,1729497
2023-01-16,AMZN,494.14692489669386,498.4078925634289,487.8423938836689,487.99890545240646,2868670
2023-01-17,AMZN,288.42618107752577,288.60329291961847,277.07547116760304,280.73182150247146,1098818
2023-01-18,AMZN,172.8428555286333,174.48811235548266,166.73048616850446,171.27810872324355,4071102
2023-01-19,AMZN,293.91134686013845,304.47613106091535,289.624546399676,299.8181836193204,1152360
2023-01-20,AMZN,304.9830623527686,313.5604165877903,300.1604599914176,309.88435331517303,4923643
2023-01-21,AMZN,396.6747776914662,398.08173249435384,383.9719595922052,387.7724299843957,1619369
2023-01-22,AMZN,379.53834126436175,380.80158673416616,376.4297211531803,378.6412149650849,1561165
2023-01-23,AMZN,261.02001743879225,261.49411965930574,259.4602574863166,261.4687089602156,3470858
2023-01-24,AMZN,187.2092429976346,193.5787474743998,185.60552929544394,190.10017601015105,1932817
2023-01-25,AMZN,358.0216671077318,361.2689320249622,354.3995537446612,361.02501411659637,4357685
2023-01-26,AMZN,268.6815738213127,271.3445864183165,262.246333750304,265.9755188104588,3169867
2023-01-27,AMZN,152.91048445013217,158.9346381931627,151.9086887323886,154.12402833020246,1141398
2023-01-28,AMZN,460.22892049455425,460.7762647948265,455.50954410398333,459.85015817143596,4780107
2023-01-29,AMZN,376.48874304386175,388.6611098291677,372.91412284285053,384.18871017432735,2567628
2023-01-30,AMZN,373.2735425781926,378.83622190661583,370.45979114647565,373.8788452308906,4278360
2023-01-31,AMZN,429.03355036466957,429.34113549586573,425.49653129912025,427.8541935996328,3962732
2023-02-01,AMZN,311.86467146203245,316.27920280771974,307.2382164267197,309.9543804556695,3180338
2023-02-02,AMZN,426.0217713609828,430.0507216518702,425.2255426695865,427.47032654965216,2992825
2023-02-03,AMZN,299.2363014044023,309.84840958964315,298.2177951580209,305.31584099242025,4832978
2023-02-04,AMZN,126.87015996628404,130.49478448349765,126.41433751425308,127.63818977389978,2199670
2023-02-05,AMZN,262.0992352110755,268.6428987632192,261.33094502026995,265.33233871268635,2958637
2023-02-06,AMZN,298.9859575919562,306.4619674700737,296.7174894189298,303.7430729300867,1594604
2023-02-07,AMZN,388.08103265291834,392.80685925202977,385.42926068427704,388.484394850493,3049927
2023-02-08,AMZN,142.63149205146973,146.30104164623825,141.07852372217545,141.16783318456703,4174108
2023-02-09,AMZN,156.0074154641796,166.14702458233063,152.02342632485946,163.54072302142856,3731638
2023-02-10,AMZN,205.47352105384658,209.81432507410432,202.35280286768702,203.82364273440442,1264500
2023-02-11,AMZN,206.5993573483529,207.82578500962956,201.2790341850651,205.83821435986465,3167478
2023-02-12,AMZN,392.873831383625,403.4673609489731,388.0362750655561,402.6806576504605,3976031
2023-02-13,AMZN,200.2922642246391,201.09426475128947,189.36972032277353,190.2970146961568,1639282
2023-02-14,AMZN,353.239225342979,354.9092697367052,344.6381970806852,346.94868353451346,3318123
2023-02-15,AMZN,297.7095400553086,298.9029902118137,295.382658677871,295.38881785370313,3903633
2023-02-16,AMZN,329.31775127176024,342.620001212814,326.3261149461481,337.9695494602653,2517509
2023-02-17,AMZN,435.2427852713183,435.77195574046124,423.6068471449544,426.6433793862677,2940369
2023-02-18,AMZN,261.7526006196097,265.24755430980764,250.7046095141628,251.9423092921797,4948242
2023-02-19,AMZN,408.3645508257082,409.3106585246332,396.62616418233677,399.41822754525276,4932821
2023-02-20,AMZN,268.81442382027495,273.2226094841267,259.4575913203287,260.58529203254733,2217060
2023-02-21,AMZN,241.54855062449977,246.3551270654243,231.49635874323403,232.30048608862498,2031519
2023-02-22,AMZN,483.4508709252882,485.7782209691381,479.78890012840696,483.0464974624183,3089271
2023-02-23,AMZN,173.7483682715853,179.7588698172725,172.11874095182492,175.36351241613184,1789352
2023-02-24,AMZN,136.13478423104314,136.1605100848167,128.6172039579951,131.5685236524232,1484410
2023-02-25,AMZN,408.3943702141914,412.49410480123186,404.1938841488458,406.3601178937041,4915394
2023-02-26,AMZN,127.29988214163663,128.44300794926124,114.21211180685071,119.13386884386523,3026395
2023-02-27,AMZN,434.8315962812118,439.37510282755863,430.81110234444236,431.5590055577802,2390281
2023-02-28,AMZN,274.8773585428974,275.33334293298844,272.55436555971835,275.3277423755879,4941106
2023-03-01,AMZN,466.2054709167656,473.63181573565726,462.80318778496894,470.8509070604585,3322466
2023-03-02,AMZN,388.6131444487622,392.3963234676869,376.70234627022194,378.6800716896218,4584444
2023-03-03,AMZN,344.16186680318305,345.4553084566726,338.6345828745827,343.5080821339361,4905628
2023-03-04,AMZN,479.7227188231063,480.6883831460427,472.05333821256926,475.66277635220393,2851317
2023-03-05,AMZN,258.6597492208217,266.13667677699965,255.37482993299923,265.71618565465974,2628094
2023-03-06,AMZN,481.63477461585325,487.57800880305456,477.8494782777971,485.9458409205381,2946830
2023-03-07,AMZN,154.00051096848279,158.58190321944485,149.2372677782892,155.7826816579007,4637600
2023-03-08,AMZN,293.5019767729651,294.0811960568664,284.50819642197735,289.04728968690057,3614150
2023-03-09,AMZN,207.96448895687797,218.05474780796266,204.3430624162459,216.17127099802866,4044683
2023-03-10,AMZN,315.93711156327737,315.982473586541,303.09331691217744,306.83912510768386,2568560
2023-03-11,AMZN,164.80555115663384,168.89894825913305,156.2652927600404,156.99490313021613,1465757
2023-03-12,AMZN,436.61186412401736,437.2541077144833,433.9305049123612,434.4444669348245,4520212
2023-03-13,AMZN,438.5631397258229,439.9798544671508,428.1973683625392,431.05189087176,3605214
2023-03-14,AMZN,482.0945250893916,491.31497763427114,482.0026869046889,491.2228390405801,4729337
2023-03-15,AMZN,161.8688563532945,169.98984671562474,159.45707444553653,167.82864279616217,3229180
2023-03-16,AMZN,349.3330203619963,353.5336278757024,343.4609254944383,344.5126733940326,3328599
2023-03-17,AMZN,289.69492348014785,293.42676411683874,287.9648406419237,291.46600805961276,3957715
2023-03-18,AMZN,237.75349281769329,248.2975897364141,233.8744691387285,247.40010311929493,4586852
2023-03-19,AMZN,240.61606445368753,252.0685381865702,235.9098769325256,248.3000440163176,1995843
2023-03-20,AMZN,265.1174202427009,271.0774240808986,264.75533888196924,267.1333891715449,4958123
2023-03-21,AMZN,381.9702198755812,390.91346659562447,379.299008845699,390.0446992190866,1626045
2023-03-22,AMZN,339.31442330726185,352.95239204623397,334.90175587816384,349.098121503529,2481235
2023-03-23,AMZN,283.8726051044524,293.47615100360656,283.4600624322503,288.7396615623249,1301207
2023-03-24,AMZN,130.37336414784883,131.20525208251019,117.55052210302254,121.67309233750672,2424945
2023-03-25,AMZN,131.10613763158284,134.96105909424352,127.34873560545124,129.1377423600926,4524272
2023-03-26,AMZN,100.9357562503113,111.23513097898936,99.32528273921463,107.69227095597621,2391538
2023-03-27,AMZN,487.0797552828346,489.44762472501003,476.803807267361,481.69113919893493,3363999
2023-03-28,AMZN,102.10152742335397,109.00398008116046,101.0972319740425,108.71437777836647,1720488
2023-03-29,AMZN,141.23749840549794,141.61097049428722,130.17830394208445,133.64427364619786,1596387
2023-03-30,AMZN,225.83862272376436,230.1006960197576,212.67032622667128,216.7775298667206,1419065
2023-03-31,AMZN,422.97210072670447,427.9228425904577,420.4479954801331,420.65391295652944,3784372
2023-04-01,AMZN,484.83951430564707,488.21977559158086,472.2222257624073,475.57415305417936,1031585
2023-04-02,AMZN,416.00542351674244,427.3806203114606,411.2476736449658,425.15082877640896,2463807
2023-04-03,AMZN,376.22409297825624,385.98607511114506,375.60299314461594,382.74820689413554,4092195
2023-04-04,AMZN,308.52026696542777,317.50764000416797,304.0391604520026,314.53566070802526,2616449
2023-04-05,AMZN,134.68208474487344,139.19570450682463,131.70820155798876,137.2776432047965,1289102
2023-04-06,AMZN,483.26831720157213,483.5964479244422,474.51177475299085,477.5947976623032,2336737
2023-04-07,AMZN,403.3569655782726,407.82973764883764,400.29224470394456,403.72217291180044,4532549
2023-04-08,AMZN,355.57975413370474,359.38440322850516,354.08557470201816,357.52523558231155,4060006
2023-04-09,AMZN,403.61433821553993,408.20889644953076,398.93832913904265,404.1149682327453,2978281
2023-04-10,AMZN,389.64133170925544,390.9038754576973,380.1092467551308,384.845999068286,4961586
2023-01-01,MSFT,336.9401314373449,344.6179564589881,334.7041187348207,340.11784084199803,1463547
2023-01-02,MSFT,464.9453382466764,466.71244514319,459.8196546929565,462.82262635975957,3501002
2023-01-03,MSFT,184.2648756022666,188.47388793796887,181.6864784637841,187.28953514309646,2184446
2023-01-04,MSFT,349.1866334253931,353.0892610016124,336.7215341654808,341.3184940315529,2333140
2023-01-05,MSFT,352.6240880370082,357.1550243068096,350.13927062247905,355.7809941290689,3607411
2023-01-06,MSFT,393.2452089661124,407.3465550740941,388.2844188919958,403.2334834815257,2693439
2023-01-07,MSFT,152.62707405090393,154.74576531914775,139.33419003938957,143.59131482811506,2831094
2023-01-08,MSFT,386.32998587283544,399.21121905371916,385.28743330104874,395.8734695572618,4437172
2023-01-09,MSFT,463.6130082662564,464.0906848354297,457.0981914074942,461.7511674807138,2059325
2023-01-10,MSFT,171.87324354809678,182.40760917822485,171.2914115586694,179.28831255484198,3725571
2023-01-11,MSFT,195.01732996955104,202.92387804440267,190.93008142709508,200.66503965071652,2729057
2023-01-12,MSFT,488.55803761665584,492.83140515226654,486.6549211492729,489.8983628363892,2963571
2023-01-13,MSFT,172.3907810837959,177.99983630754676,168.00090948157055,177.15976526882244,2348207
2023-01-14,MSFT,441.7540373478316,453.0087172985795,437.4137538972944,449.3243485738586,1225019
2023-01-15,MSFT,296.9111425792139,301.22512796693,290.96432201164646,294.99394901223457,2475153
2023-01-16,MSFT,198.89242976127082,199.9761287617247,191.48294081100028,195.4330929925356,2856231
2023-01-17,MSFT,448.29996050900456,452.130400997877,446.77656481351437,451.65182822027623,1597218
2023-01-18,MSFT,278.1221020010662,284.397213770123,277.71750558580993,284.27902083989136,4815144
2023-01-19,MSFT,305.9269415718761,314.38250176962475,303.9120406780503,311.17264426740843,4436252
2023-01-20,MSFT,243.6933477599063,252.68509091752287,242.82572518497375,249.64962073707898,4958195
2023-01-21,MSFT,337.18034057397097,339.9138276375413,332.4172514257173,335.89200687022964,1817052
2023-01-22,MSFT,165.4095490340091,172.9259688380894,163.67905040132018,171.76623335750952,2985957
2023-01-23,MSFT,256.4326146607043,258.3871446402319,243.9587447638169,248.83679576811647,4402281
2023-01-24,MSFT,487.764928934115,491.62709256926286,484.56006854738837,488.654710893332,4594260
2023-01-25,MSFT,203.253373080451,205.73720737474687,189.25614347224163,193.36854629041343,1719401
2023-01-26,MSFT,362.6946658165169,367.6335934175913,358.523759050813,359.18638241452226,3075020
2023-01-27,MSFT,230.07602568987795,230.7582244526616,223.0951839759428,227.4052563873059,2428080
2023-01-28,MSFT,409.38925027464023,412.8649730448782,402.69891815425837,407.3127041068253,2101928
2023-01-29,MSFT,152.3494642873399,158.28040226165862,149.91415469324522,156.25880842113716,3521279
2023-01-30,MSFT,487.9284180314179,490.069416106046,482.6683153680699,485.6995800568248,4309584
2023-01-31,MSFT,281.5158165534557,285.10380538174655,276.66564000139135,280.4896890059063,3100343
2023-02-01,MSFT,194.42018533858558,197.88236609520743,188.29687481977007,189.17106795607214,2925544
2023-02-02,MSFT,129.39869893200506,134.35497890051602,124.35090438227465,126.86373476459187,3726016
2023-02-03,MSFT,167.9031620350163,168.54513348228693,160.45523944141777,162.44855458027934,2244289
2023-02-04,MSFT,307.9095794224071,308.43012766932793,298.6416279369647,299.37349789777596,1442939
2023-02-05,MSFT,234.8012705725145,240.49193652578577,232.96359846105685,236.87024244014208,2052207
2023-02-06,MSFT,431.55334635304376,437.80953690917613,431.2124848061163,434.91760232414407,4282972
2023-02-07,MSFT,272.35500946472234,276.1156197177137,272.2259499299749,274.74481638491466,1304224
2023-02-08,MSFT,199.48570903505197,199.8828058799969,198.0797584652893,198.75558991106342,1220169
2023-02-09,MSFT,346.857994641612,347.2862858895941,339.6381346872507,344.4537102451966,3711793
2023-02-10,MSFT,382.7108867541783,394.4485141189354,379.9632390747032,389.9775597456148,2462073
2023-02-11,MSFT,166.81676316037994,168.15773548669802,161.98765235461383,167.1983988631043,1552959
2023-02-12,MSFT,167.04768651532706,168.66454432590467,164.468834676271,166.63132406792167,2695675
2023-02-13,MSFT,114.66857077341719,115.80185278455212,103.62233142411961,105.1814120895459,4852519
2023-02-14,MSFT,394.5608060262562,396.3357875554159,388.85505326457815,391.38576257877935,3319124
2023-02-15,MSFT,365.52181104872204,365.8689302624525,360.9281649812746,363.1257234244392,4923227
2023-02-16,MSFT,289.85235029992555,292.4476492544669,287.3004824965549,287.8288059178636,3073290
2023-02-17,MSFT,437.6681795876789,439.6096897901866,434.46404801422784,439.27162697222553,2438454
2023-02-18,MSFT,422.2680611800213,426.94189465367066,421.1878702674733,422.9401121145589,1748321
2023-02-19,MSFT,334.14174575870084,337.4684080241219,331.0438059842117,336.2998476145697,3605831
2023-02-20,MSFT,447.30851220530343,455.3062370091685,444.0575067433127,452.60617743614597,3518970
2023-02-21,MSFT,182.3364840147073,192.9965942268365,181.57635974906407,188.5961987890292,4889877
2023-02-22,MSFT,144.76784775909115,152.38469612885703,144.46109962353782,149.13030928362105,4983559
2023-02-23,MSFT,207.89984460679585,219.6751074586512,203.99603667645366,217.01031852589455,2727408
2023-02-24,MSFT,122.83474243572594,124.45641120130281,110.90039197040657,113.19939408925318,3801742
2023-02-25,MSFT,312.4678112004128,314.1328207657038,306.0925519365564,306.38337091408374,4088272
2023-02-26,MSFT,474.6422769179846,477.98971169397555,459.8192028316986,464.79353441754745,2055675
2023-02-27,MSFT,115.73741626740386,123.65760735660176,115.44851346242203,118.68691055049592,2822550
2023-02-28,MSFT,148.84396560401072,160.11377253225734,145.36878945971796,156.80457658301046,4564375
2023-03-01,MSFT,280.8796113133741,283.6685284002242,270.830862618583,275.7492572449001,3677932
2023-03-02,MSFT,473.55000701116194,485.74395045828425,472.3541064900823,482.09069790708804,4242450
2023-03-03,MSFT,226.4624419907002,228.78847005211878,216.95654295305542,217.6677897964914,1965188
2023-03-04,MSFT,302.893923475357,311.8833557244712,302.2869987782448,311.58264401146727,1554399
2023-03-05,MSFT,116.62914362015684,119.44062769954638,112.14522162711155,113.66159736494953,3161088
2023-03-06,MSFT,159.33728038483554,164.12540680736242,150.86046789876664,151.36569695381988,4823702
2023-03-07,MSFT,494.65204918353874,495.528563895327,490.9086776587946,494.3694843672653,3320484
2023-03-08,MSFT,486.0474785744182,489.4975030285216,480.8715509381781,481.18300992882837,3822988
2023-03-09,MSFT,101.97599237376384,102.98066081705913,95.12633977225335,97.6734504130023,4919047
2023-03-10,MSFT,480.72471416929557,483.40385259166095,471.88702919855643,476.8705134678213,4468792
2023-03-11,MSFT,355.64797512620015,362.19187533108703,351.57812377867003,361.7084930828534,1487510
2023-03-12,MSFT,447.1673178080089,450.20239802280486,444.09122061685383,447.95054334151394,3160682
2023-03-13,MSFT,281.89594225354364,285.67675889801984,276.5908281327306,278.1220962366637,4575168
2023-03-14,MSFT,306.2384114317001,310.1829447191134,303.1189322502419,308.4450870979185,4415660
2023-03-15,MSFT,295.5386321027681,303.186204209668,292.9034247832098,299.8616455872319,2600946
2023-03-16,MSFT,366.74570301844176,370.7229528223904,360.0677661136606,362.19818303311246,4759586
2023-03-17,MSFT,155.86050190252516,160.49639099992243,153.4779320493312,154.1314839330322,2673879
2023-03-18,MSFT,111.98943594907118,113.16264635834845,99.9941367396078,104.42715781581013,2780752
2023-03-19,MSFT,223.17197663647636,225.1685562155229,214.54604038306337,216.79496362716998,2918596
2023-03-20,MSFT,381.87230509465866,386.2567422406104,380.89919253555485,385.4946621739583,4293331
2023-03-21,MSFT,180.74138084917934,185.70379835997122,172.53135104870543,174.37014780309187,1874772
2023-03-22,MSFT,369.37297332996695,374.51124584292967,367.30232456732233,369.87624100330817,4764455
2023-03-23,MSFT,487.96481844290815,494.8455293287596,483.82712896507377,492.1457436773568,4059513
2023-03-24,MSFT,137.56028631576737,141.77045278764948,126.02975287485523,129.69782477766225,1141214
2023-03-25,MSFT,369.0408472900505,372.9918815689888,365.1943228218438,370.3870916826286,3736493
2023-03-26,MSFT,277.50008772182844,280.6180161618422,272.57618707371245,272.6313433958557,2621219
2023-03-27,MSFT,447.25690175100215,456.9610614163338,445.1761317601033,456.51543925575373,1403082
2023-03-28,MSFT,170.85991577895436,174.63626788143839,168.12410795517624,170.53082871335286,1201139
2023-03-29,MSFT,377.0503808904658,383.80879930414517,376.9544195063505,383.170231885969,2028494
2023-03-30,MSFT,435.24611585924407,440.38098485363196,433.9470498155189,436.2506467023693,4904722
2023-03-31,MSFT,477.8456877896093,481.7558282279612,464.912489331095,468.7139384467057,2021318
2023-04-01,MSFT,373.2992113158583,379.50596231645363,372.61366278721334,375.96223882773876,3746866
2023-04-02,MSFT,298.8699056033709,308.07877435012784,296.19335494610795,307.89797244750406,3685467
2023-04-03,MSFT,347.13889608048555,350.68677426313883,346.0628867203994,349.1711324834122,2499698
2023-04-04,MSFT,447.5619937914873,455.2613338295773,447.5013899182678,453.9457709800231,2207786
2023-04-05,MSFT,328.2438986555319,337.72870995985767,327.0378913675342,335.92802792250006,1092601
2023-04-06,MSFT,112.15482387873475,112.59303761255394,101.83705054316312,106.71641931771339,4175684
2023-04-07,MSFT,472.3794782027911,477.0642673179464,462.61268944154074,466.6203750009557,4384068
2023-04-08,MSFT,375.81070041262444,380.79933139320616,371.0128171910193,378.03032018964427,1629085
2023-04-09,MSFT,370.60535431089863,372.1329758641888,366.3866534874009,368.8259237070327,2959925
2023-04-10,MSFT,186.27006095908686,195.05219460179268,185.72137996569936,193.06728701642126,4009887
2023-01-01,TSLA,127.4851330073071,130.62463447807312,127.3182149983752,127.52613727707605,3550043
2023-01-02,TSLA,269.71875435395526,272.5287185912893,260.39456986840236,262.21303549218305,2840083
2023-01-03,TSLA,133.0470653837075,134.77666762121595,127.09140687115057,130.75458304465474,2517740
2023-01-04,TSLA,305.86303462940464,310.30628583312716,301.7611470921598,308.73033822764035,4849542
2023-01-05,TSLA,459.56032960249416,469.02761375634776,457.9945196284078,465.16832512543965,2076941
2023-01-06,TSLA,412.99396982557516,413.4260928793879,403.3451854174856,407.33815177939937,1465982
2023-01-07,TSLA,191.136967017244,192.3208885638009,179.05464561491175,183.8934250004287,3538568
2023-01-08,TSLA,490.396339839517,497.31942358871726,486.11197015914155,493.6571799295268,1273146
2023-01-09,TSLA,366.94015921857135,369.68176213720346,356.3895369482729,356.97775688906955,2324667
2023-01-10,TSLA,104.17107975896123,104.81102080162916,94.03987978468012,97.73853144510782,2258870
2023-01-11,TSLA,202.1653938740878,206.57607194549811,191.14848731876418,192.7468214809669,2929848
2023-01-12,TSLA,204.28531996796661,206.25255920078456,192.68094237800364,197.62302232506403,2164795
2023-01-13,TSLA,127.70172251434397,131.84106439095484,118.90131319705463,121.32810811285407,2389330
2023-01-14,TSLA,483.9306072303716,487.86917230801015,481.07190963358477,481.68407912537947,3935726
2023-01-15,TSLA,291.3021178303695,294.4242450627282,285.7227325839637,289.34866032410065,3677747
2023-01-16,TSLA,458.3258389487528,468.28349401743304,456.71078295682173,465.81108836095757,2184141
2023-01-17,TSLA,228.88620137785134,233.98614982973663,223.90081059244304,229.08839562782785,3876535
2023-01-18,TSLA,150.09342817313086,155.2863488472757,145.19451588385826,154.5615234853766,3409381
2023-01-19,TSLA,289.73444396248556,293.3602226002411,278.53652103078844,281.8171911208913,1558516
2023-01-20,TSLA,145.58265388572687,146.53860739305082,139.44229675024215,140.09142899500074,3832188
2023-01-21,TSLA,294.40620119101595,300.15638553725125,290.97189620264083,298.4650700105895,4570599
2023-01-22,TSLA,468.1188724877631,469.66236620462905,458.7097992648335,459.1749516971337,3664912
2023-01-23,TSLA,308.3072567336851,313.0424366723787,307.8923891830482,308.03920997856017,3933021
2023-01-24,TSLA,346.5998907580334,353.4240509602334,342.4850985269259,348.58727007129204,1966920
2023-01-25,TSLA,162.6553747895233,165.61336489174658,161.6066100511049,164.69828767057294,3943295
2023-01-26,TSLA,117.4942503519878,117.60442615347532,106.05777094625316,107.95290657734864,4283616
2023-01-27,TSLA,144.32318487192282,147.92322507023837,135.89805800662566,140.76534495650654,1077175
2023-01-28,TSLA,339.41263027374623,344.2323929640818,337.7284277644407,342.14244329472933,3685747
2023-01-29,TSLA,138.00467959692185,138.44888082235965,129.50222541349012,130.9846743199067,3078808
2023-01-30,TSLA,250.39715597652457,257.7242394709708,245.8061159784107,254.30546894308563,2357453
2023-01-31,TSLA,320.0367761832624,327.68080800083936,319.4830339566676,324.9552803595359,4011786
2023-02-01,TSLA,255.4611194519388,270.00308737086726,251.66320740136564,265.10050326086173,1095028
2023-02-02,TSLA,165.4735205861206,166.6105680654275,154.73003264998493,159.6703604832488,2558242
2023-02-03,TSLA,209.51652300564263,218.03902574059768,205.01004295176938,216.01913635896494,4288040
2023-02-04,TSLA,471.3270131394308,474.44567369478096,468.06867354589866,471.73294467780386,1491450
2023-02-05,TSLA,370.39291023454217,374.35141017680894,366.29185818246197,367.86216215742564,4238221
2023-02-06,TSLA,298.41913547195463,301.1633287555549,289.59506071256664,290.8666706184582,1125149
2023-02-07,TSLA,105.08595599475741,112.86056892881791,100.9896804704001,109.79606812450817,1753704
2023-02-08,TSLA,496.96616019578806,498.0968954537378,487.28420260890334,491.6833121786618,2251011
2023-02-09,TSLA,368.5819739578573,372.81656759830014,363.3832394325898,366.01041399531823,1163834
2023-02-10,TSLA,226.76899093797797,228.91214367283035,216.798135771993,218.01983547592533,3367555
2023-02-11,TSLA,451.70746399913526,458.4396004531345,451.1427479570794,457.73480231552566,2229787
2023-02-12,TSLA,203.37264811672725,212.0253581686872,202.93675077756808,208.7044185961601,4012359
2023-02-13,TSLA,317.60663167310065,323.35940053987343,314.01124443633137,322.2789482739469,2325569
2023-02-14,TSLA,354.42830549193,354.9161180431265,348.3165820625291,350.41717570176775,4489640
2023-02-15,TSLA,188.4253485814914,192.73528312351274,177.36815069542118,181.89495006681054,2416828
2023-02-16,TSLA,491.35891152023834,496.41078813208514,487.6605550166045,494.10997680964294,2924717
2023-02-17,TSLA,399.276762391599,403.02318095507786,398.24378798429046,399.2000900738634,3414165
2023-02-18,TSLA,323.125290204428,324.57822800345974,313.6214524484423,316.6903395425208,4010472
2023-02-19,TSLA,172.23783927012033,179.89091536570592,170.06031199812955,175.9560646911176,4208823
2023-02-20,TSLA,121.54328279921046,131.9254910707442,118.65703414536739,131.36581143563654,4263614
2023-02-21,TSLA,228.02393300839339,234.7481916322084,224.3335873917008,232.96832476323414,1857342
2023-02-22,TSLA,401.2749343653611,410.964971188941,397.24395496034214,406.07466209907335,4625654
2023-02-23,TSLA,207.73251932081,220.70872296126188,203.5138326887764,216.73877437942184,1285711
2023-02-24,TSLA,315.82248819820205,318.3087678497755,308.61134117683997,309.8812155497001,2083868
2023-02-25,TSLA,391.17887069229727,394.1887573485355,391.02329269271047,392.48986999072605,2123389
2023-02-26,TSLA,143.17748585858573,157.13109865937577,139.48101218276187,152.77042015926338,3718576
2023-02-27,TSLA,374.1192064463493,376.8434452417719,366.89337003447395,367.4250886657528,1575919
2023-02-28,TSLA,136.74835508401787,144.54551936225383,135.17375714095303,140.75339427290828,3107037
2023-03-01,TSLA,486.05189685079864,491.5386381718175,486.0328111801769,487.7680997702367,3025739
2023-03-02,TSLA,295.3576520259758,297.17696226259244,291.94930461396774,297.08723386975,4331106
2023-03-03,TSLA,160.27044308395097,164.85512454831553,159.43478302659486,164.22385563435247,1852746
2023-03-04,TSLA,236.9534544134186,248.843939702906,233.6770423649603,245.54579287093227,2375807
2023-03-05,TSLA,265.3665797181046,271.8263175715607,260.40786663226544,271.01821851513137,1422381
2023-03-06,TSLA,403.2740044306149,404.5514711538929,394.03337214088907,394.39672649893913,1976433
2023-03-07,TSLA,397.36951443064373,409.15726459915595,396.98412437088643,404.4240748281579,1460244
2023-03-08,TSLA,344.7762021349324,347.577113426807,337.58512827011367,339.2870287334471,3671252
2023-03-09,TSLA,142.37228502339718,146.1259325583939,135.57863574686792,139.91056831812463,1705860
2023-03-10,TSLA,160.62774863506945,163.41765232898265,158.78475556336042,159.86240490731709,2520943
2023-03-11,TSLA,137.50276825822266,140.2653363321363,135.3189991736323,137.12088827328404,2369363
2023-03-12,TSLA,330.86911331502006,331.33987286564854,329.23019426699227,329.57272130012717,3142052
2023-03-13,TSLA,450.85537660456157,461.3207584519244,447.03960014826714,459.60244248887886,2484738
2023-03-14,TSLA,273.52020490190876,279.05273954862184,271.4786731881115,277.64058505518926,1401067
2023-03-15,TSLA,164.33926958309848,168.91632433030068,160.54302591779427,166.9626825022326,3899872
2023-03-16,TSLA,323.21693005958684,327.20865100070847,309.69573139351166,314.21377061524566,2121268
2023-03-17,TSLA,424.70088674628397,434.63881669107576,423.53707101077754,432.77915335149146,1460796
2023-03-18,TSLA,396.684824605172,407.1311125414984,392.64784445347226,404.87262844533996,4546312
2023-03-19,TSLA,452.58031187000853,460.17148009103715,452.28484241961723,458.1845731386106,2920444
2023-03-20,TSLA,211.16083889954712,211.6278787594236,196.80718603491826,201.3014229758195,2800072
2023-03-21,TSLA,177.58154690710995,179.78690769836388,165.47330919086866,168.7271519286624,2094979
2023-03-22,TSLA,451.9265943767755,452.90464074199804,442.05993480145355,446.4310684221453,2664034
2023-03-23,TSLA,363.02412511120923,363.9577415900744,355.6501712763245,355.6511132741074,1795600
2023-03-24,TSLA,224.37157200302167,224.841752525193,221.5028872453163,222.34829259709625,2004001
2023-03-25,TSLA,396.9392202290037,407.1750362614683,394.99042329187125,405.39168139075946,1312023
2023-03-26,TSLA,426.04735379214713,429.83476321609425,423.59104795921354,425.4885624760871,4205599
2023-03-27,TSLA,345.99129613645295,347.37350458936993,335.1256967504787,336.25934866509624,3075712
2023-03-28,TSLA,375.15364395196605,376.7153894613936,368.90049804420534,370.8085577435413,4126279
2023-03-29,TSLA,250.10396177706653,253.31733506542864,240.35161638452448,240.99585994452576,4628332
2023-03-30,TSLA,315.4782669372156,316.4574710001502,304.1402137431555,306.20401938948567,1491862
2023-03-31,TSLA,309.6636682904649,314.1484579425826,301.1662937065796,305.17806535237594,4177902
2023-04-01,TSLA,439.21911645230875,441.8200690685665,432.3360129103709,434.73136322588766,1755111
2023-04-02,TSLA,435.985592112873,443.9661388665061,435.89559166814695,441.72812416490507,3320715
2023-04-03,TSLA,433.07218773881726,445.35798175408553,430.964967530921,442.5688807944395,3234805
2023-04-04,TSLA,104.41264570498632,105.2428172720673,101.70091250233206,101.83678758278629,1110155
2023-04-05,TSLA,399.8181937875553,402.88555948075117,393.5647143112421,398.39593136477606,3431149
2023-04-06,TSLA,403.4705560444019,412.1818484532924,402.83328624728756,410.36634477012234,2899054
2023-04-07,TSLA,371.35152914205673,375.8374608468798,363.1758679123139,366.714309543967,4457550
2023-04-08,TSLA,402.50586315658103,403.3501341899695,390.7696176301896,395.63349924465,2550184
2023-04-09,TSLA,436.7881485986835,446.38519658608374,432.6579533403507,443.8499410667565,4958809
2023-04-10,TSLA,288.12762164071427,291.11818478755936,275.56105649388456,279.0576333695156,4273523
